<?xml version="1.0" encoding="UTF-8" standalone="yes"?>
<addon id="plugin.video.Xtra" name="Xtra" version="1.0.0" provider-name="Xtra">
  <requires>
    <import addon="xbmc.python" version="2.1.0"/>
  </requires>
  <extension point="xbmc.python.pluginsource" library="default.py">
        <provides>video executable</provides>
  </extension>
  <extension point="xbmc.addon.metadata">
    <summary lang="en">Xtra</summary>
    <description lang="en">Xtra</description>
	<website>http://www.youtube.com/samwich1986</website>
    <platform>all</platform>
  </extension>
</addon>
