<?xml version="1.0" encoding="UTF-8" standalone="yes"?>
<addon id="plugin.video.LeCollection" name="LeCollection" version="1.0.0" provider-name="LG4Kodi">
  <requires>
    <import addon="xbmc.python" version="3.0.0"/>
  </requires>
  <extension point="xbmc.python.pluginsource" library="default.py">
        <provides>video executable</provides>
  </extension>
  <extension point="xbmc.addon.metadata">
    <summary lang="en">LeCollection</summary>
    <description lang="en">In this wizard, you will find the latest version of the Le'Collection streaming service</description>
	<website>https://www.instagram.com/ig_lg4/</website>
    <platform>all</platform>
  </extension>
</addon>
